Title,Author(s),Description,Publisher,Link,Rating,Keywords,ISBN,Publication Year,Pages,Language,Format,Context
"Interviewing as Qualitative Research: A Guide for Researchers in Education and the Social Sciences","Irving Seidman","This comprehensive guide offers an in-depth exploration of interviewing as a cornerstone of qualitative research, tailored specifically for educators and social scientists. It provides a step-by-step approach to designing and conducting interviews, emphasizing techniques for building trust and rapport with participants to elicit rich, narrative data. The book covers critical aspects such as crafting open-ended questions, managing ethical considerations, and analyzing interview responses to uncover meaningful insights. Seidman includes real-world examples and case studies to illustrate best practices, making complex concepts accessible to both novice and experienced researchers. The text also addresses challenges like interviewer bias and participant reluctance, offering strategies to navigate these issues effectively. Its practical focus ensures researchers can apply the methods directly to their studies, particularly in fields like education, sociology, and anthropology. The book’s clear structure and engaging style make it an essential resource for those seeking to understand participant perspectives deeply. It also includes tips for transcribing and organizing data, ensuring researchers can manage their findings efficiently. This guide is particularly valuable for those conducting qualitative studies where narrative data is central to understanding human experiences. Ultimately, it equips researchers with the tools to conduct interviews that are both methodologically sound and ethically responsible.","Teachers College Press","https://elibrary.nu.edu.om/cgi-bin/koha/opac-detail.pl?biblionumber=55575",4.7,"qualitative research, interviewing, social sciences, education, narrative data, research methods",978-0807761489,2019,208,English,Paperback,"Designed for educators and social science researchers conducting qualitative studies, particularly in education, sociology, and anthropology, where narrative data is critical."
"Research Methodology: A Step-by-Step Guide for Beginners","R. Kumar","This beginner-friendly book provides a clear, step-by-step introduction to research methodology, making it ideal for students new to academic research in any discipline. It simplifies complex concepts by breaking down the research process into manageable stages, from formulating research questions to analyzing and presenting data. The book covers both qualitative and quantitative approaches, offering practical examples to illustrate each method’s application. Kumar emphasizes the importance of understanding research design, sampling techniques, and data collection methods to ensure reliable results. The text includes guidance on avoiding common pitfalls, such as poorly defined objectives or biased data collection, ensuring beginners build a strong foundation. It also provides tips for writing clear research reports and adhering to ethical standards. With its accessible language and structured approach, the book is perfect for undergraduate students embarking on their first research projects. It includes exercises and case studies to reinforce learning, making it highly interactive. This guide is particularly useful for students in social sciences, business, or health fields who need a practical introduction to research. Overall, it serves as a reliable roadmap for novices seeking to develop essential research skills.","Sage Publications","https://elibrary.nu.edu.om/cgi-bin/koha/opac-detail.pl?biblionumber=45165",4.5,"research methodology, beginners, data collection, study design, qualitative, quantitative",978-1526449900,2018,528,English,Paperback,"Aimed at undergraduate students across disciplines (e.g., social sciences, business, health) new to research, offering foundational knowledge for academic projects."
"The Good Research Guide: For Small-Scale Social Research Projects","Martyn Denscombe","This practical handbook is designed to equip researchers with the tools needed to conduct small-scale social research projects effectively, making it ideal for students and professionals with limited resources. It covers essential methods such as surveys, interviews, and observations, providing clear guidance on their implementation. Denscombe emphasizes ethical considerations, ensuring researchers understand the importance of informed consent and confidentiality. The book includes practical strategies for designing studies, collecting data, and analyzing results, with real-world examples to illustrate key points. It also addresses challenges like time constraints and limited budgets, offering creative solutions for small-scale projects. The text’s straightforward style and focus on applicability make it accessible to those new to research. It provides templates and checklists to streamline the research process, enhancing efficiency. The book is particularly suited for social science students and practitioners in fields like sociology or psychology. It also explores mixed methods approaches, helping researchers integrate qualitative and quantitative data effectively. Ultimately, this guide empowers readers to conduct rigorous, ethical research within resource constraints.","Open University Press","https://elibrary.nu.edu.om/cgi-bin/koha/opac-detail.pl?biblionumber=20212",4.6,"social research, small-scale projects, ethics, surveys, interviews, practical guide",978-0335249831,2021,400,English,Paperback,"Suited for social science students and practitioners (e.g., sociology, psychology) working on small-scale research projects with limited resources."
"Research Methodology: Methods & Techniques","C.R. Kothari, Gaurav Garg","This essential text provides a comprehensive exploration of research methods, blending quantitative and qualitative approaches for students and researchers across various fields. It offers detailed guidance on research design, data collection, and statistical analysis, ensuring methodological rigor in applied research. The book covers sampling techniques, hypothesis testing, and data interpretation, with practical examples to clarify complex concepts. Kothari and Garg include step-by-step instructions for using statistical tools, making it accessible to those new to quantitative methods. The text also addresses qualitative techniques like content analysis and case studies, broadening its applicability. It emphasizes the importance of aligning research methods with study objectives to achieve valid results. With its focus on practical applications, the book is ideal for graduate students in management, social sciences, and engineering. It includes exercises and case studies to reinforce learning and application. The authors also provide tips for writing research proposals and reports, enhancing academic and professional outcomes. This book is a must-have for those seeking a robust methodological framework for their research endeavors.","New Age International Publisher","https://elibrary.nu.edu.om/cgi-bin/koha/opac-detail.pl?biblionumber=45135",4.4,"research methods, quantitative, qualitative, data analysis, research design, applied research",978-9386649225,2019,468,English,Paperback,"Ideal for graduate students and researchers in diverse fields like management, social sciences, and engineering needing robust methodological frameworks."
"Research Design: Qualitative, Quantitative, and Mixed Methods Approaches","John W. Creswell, J. David Creswell","This authoritative book provides a thorough comparison of qualitative, quantitative, and mixed methods research designs, helping researchers choose the most suitable approach for their studies. It offers practical frameworks for designing studies, collecting data, and analyzing results, with clear explanations of each methodology’s strengths and limitations. The authors include case studies and examples to illustrate how to apply these approaches in real-world research. The book covers key elements like research questions, sampling, and data interpretation, ensuring alignment with study goals. It also provides guidance on writing compelling research proposals and publishing findings. The text’s structured approach makes it accessible to both novice and experienced researchers, particularly in social sciences, education, and health sciences. It addresses ethical considerations, ensuring researchers maintain integrity throughout their work. Updated with recent trends, the book reflects modern research practices, including mixed methods integration. It includes checklists and templates to streamline the research process. This text is an invaluable resource for academic researchers designing complex studies or theses.","SAGE Publications","https://elibrary.nu.edu.om/cgi-bin/koha/opac-detail.pl?biblionumber=55579",4.8,"research design, qualitative, quantitative, mixed methods, academic research, study frameworks",978-1506386706,2018,304,English,Paperback,"Targeted at graduate students and academic researchers in social sciences, education, and health sciences designing complex research studies."
"Research Methodology","R. Panneerselvam","This detailed guide is tailored for engineering and social science students, offering a comprehensive overview of the research process from problem formulation to data analysis. It covers experimental design, sampling techniques, and statistical tools, with practical examples to enhance understanding. The book emphasizes the importance of clear research objectives and robust methodologies to ensure reliable outcomes. Panneerselvam provides step-by-step instructions for conducting experiments and analyzing data, making complex concepts accessible. It includes guidance on writing research reports and adhering to ethical standards, crucial for academic and professional success. The text also explores quantitative methods like statistical modeling and qualitative approaches like case studies. With its focus on technical and applied research, it is ideal for undergraduate and graduate students in engineering and related fields. The book includes exercises and case studies to reinforce learning and application. It also addresses common challenges like data validity and research bias, offering practical solutions. This resource is essential for students seeking to develop strong research skills in technical disciplines.","PHI Learning","https://elibrary.nu.edu.om/cgi-bin/koha/opac-detail.pl?biblionumber=45152",4.3,"research methodology, engineering, social sciences, data analysis, experimental design, sampling",978-8120349469,2014,720,English,Paperback,"Written for engineering and social science students (undergraduate and graduate) focusing on technical and applied research methodologies."
"Research Methodology: An Introduction","Stuart Melville, Wayne Goddard","This introductory guide provides a clear and accessible entry point to research methodology for beginners across all disciplines. It covers foundational concepts like formulating research questions, selecting appropriate methods, and interpreting results effectively. The book emphasizes practical steps, making it ideal for undergraduate students starting their academic research journey. Melville and Goddard include examples and exercises to illustrate key principles, ensuring readers can apply what they learn. The text addresses both qualitative and quantitative approaches, offering a balanced perspective on research design. It also covers ethical considerations, helping students navigate issues like informed consent and data integrity. The book’s straightforward language and structured approach make complex ideas easy to grasp. It includes tips for writing research proposals and presenting findings clearly. This guide is particularly suited for students in fields like social sciences, business, or humanities. Overall, it serves as a foundational resource for building essential research skills early in one’s academic career.","Juta","https://elibrary.nu.edu.om/cgi-bin/koha/opac-detail.pl?biblionumber=45168",4.2,"research methodology, beginners, academic research, research questions, practical steps",978-0702186875,2017,336,English,Paperback,"Aimed at undergraduate students in any discipline needing an accessible entry point to academic research principles and practices."
"The Dissertation Journey: A Practical and Comprehensive Guide to Planning, Writing, and Defending Your Dissertation","Laura Hyatt, Carol Roberts","This step-by-step manual is designed to guide graduate students through the complex process of planning, writing, and defending a dissertation. It offers practical advice on selecting a topic, conducting a literature review, and developing a research methodology that aligns with academic standards. The authors provide timelines and organizational strategies to help students manage the dissertation process effectively. The book also includes tips for overcoming common challenges, such as writer’s block or time management issues, ensuring steady progress. It covers the defense process, offering strategies for presenting findings confidently and addressing committee feedback. With its motivational tone, the book encourages students to stay focused and resilient throughout their journey. It includes real-world examples and checklists to streamline tasks like data collection and analysis. The text is particularly valuable for master’s and doctoral students across disciplines like education and social sciences. It also addresses ethical considerations, ensuring students maintain integrity in their work. This guide is an essential companion for navigating the dissertation process successfully.","Corwin Press","https://elibrary.nu.edu.om/cgi-bin/koha/opac-detail.pl?biblionumber=13327",4.6,"dissertation, graduate students, writing, planning, defense, academic success",978-1544338361,2020,264,English,Paperback,"Geared toward graduate students across disciplines (e.g., education, social sciences) working on master’s or doctoral dissertations."
"How to Write Health Sciences Papers, Dissertations and Theses","S.A. Thomas","This practical guide is tailored for health science students, offering clear advice on writing academic papers, theses, and dissertations in fields like nursing and medicine. It covers essential elements such as structuring arguments, adhering to academic style, and using proper referencing techniques. The book emphasizes clarity and precision in communicating complex scientific ideas to diverse audiences. Thomas provides step-by-step guidance on organizing research findings, crafting abstracts, and meeting academic standards. It includes examples of successful papers and tips for avoiding common writing pitfalls, such as overly technical jargon. The text also addresses ethical considerations, like avoiding plagiarism and ensuring accurate data representation. With its focus on health sciences, the book is ideal for students in medical and allied health fields. It offers practical templates for formatting and structuring academic documents. The concise yet comprehensive approach makes it accessible for both undergraduate and graduate students. This resource is essential for those aiming to produce high-quality academic writing in health-related disciplines.","Churchill Livingstone","https://elibrary.nu.edu.om/cgi-bin/koha/opac-detail.pl?biblionumber=22526",4.4,"health sciences, academic writing, dissertations, theses, referencing, structure",978-0443062834,2000,152,English,Paperback,"Tailored for health science students (e.g., nursing, medicine) writing academic papers or theses in medical and allied health fields."
"Dissertation Research and Writing for Construction Students","S.G. Naoum","This specialized guide supports construction and built environment students in conducting and writing dissertations, offering practical advice tailored to fields like architecture and civil engineering. It covers research methods, data collection, and analysis techniques relevant to construction-related studies. Naoum provides step-by-step guidance on formulating research questions, designing studies, and presenting findings effectively. The book includes real-world examples from the built environment, such as case studies on construction projects, to illustrate key concepts. It also addresses challenges like accessing industry data and managing technical research constraints. The text offers tips for structuring dissertations and adhering to academic writing standards. With its focus on applied research, it is ideal for undergraduate and graduate students in construction disciplines. The book also covers ethical considerations, ensuring research integrity in industry contexts. It includes templates and checklists to streamline the dissertation process. This guide is an essential resource for students aiming to produce rigorous, industry-relevant dissertations.","Butterworth Heinemann","https://elibrary.nu.edu.om/cgi-bin/koha/opac-detail.pl?biblionumber=13328",4.5,"dissertation, construction, built environment, research methods, academic writing, data analysis",978-0415538442,2012,264,English,Paperback,"Designed for construction and built environment students (undergraduate and graduate) working on dissertations in architecture or civil engineering."
"A Guide to Successful Dissertation Study for Students of the Built Environment","Gary D. Holt","This comprehensive guide is designed to support built environment students in completing dissertation studies, offering practical advice for fields like construction and urban planning. It covers the entire research process, from planning and data collection to writing and presentation. Holt provides strategies for formulating research questions, selecting methodologies, and analyzing data relevant to the built environment. The book includes real-world examples, such as case studies on infrastructure projects, to illustrate best practices. It addresses common challenges, like accessing industry-specific data or managing time constraints, with practical solutions. The text also emphasizes ethical research practices, ensuring students maintain academic integrity. With its clear structure and actionable advice, it is ideal for undergraduate and graduate students. The book includes templates and timelines to help students stay organized throughout their dissertation journey. It also offers tips for presenting findings to academic and industry audiences. This guide is a valuable resource for students seeking to produce high-quality, industry-relevant dissertations.","Built Environment Research Unit, University of Wolverhampton","https://elibrary.nu.edu.om/cgi-bin/koha/opac-detail.pl?biblionumber=21178",4.3,"dissertation, built environment, research planning, data collection, academic writing",978-0953944101,2000,182,English,Paperback,"Aimed at built environment students (e.g., construction, urban planning) tackling undergraduate or graduate dissertation projects."
"A Manual for Writers of Research Papers, Theses, and Dissertations: Chicago Style for Students and Researchers","Kate L. Turabian","This definitive guide is the go-to resource for writing research papers, theses, and dissertations using the Chicago style, widely used in humanities and social sciences. It provides clear instructions on formatting, citation, and structuring academic documents to meet rigorous academic standards. Turabian covers every stage of the writing process, from developing arguments to polishing final drafts. The book includes detailed examples of Chicago-style citations, ensuring accurate referencing for books, articles, and digital sources. It also addresses ethical issues like plagiarism and proper attribution, helping researchers maintain integrity. With its comprehensive approach, the text is suitable for both students and seasoned researchers. It offers practical tips for organizing research notes and drafting clear, compelling arguments. The book’s structured layout and accessible language make it easy to navigate, even for beginners. It includes sample pages and templates to guide formatting decisions. This manual is essential for anyone aiming to produce polished, professional academic writing.","University of Chicago Press","https://elibrary.nu.edu.om/cgi-bin/koha/opac-detail.pl?biblionumber=29193",4.9,"Chicago style, research papers, theses, dissertations, citation, academic writing",978-0226430577,2018,464,English,Paperback,"Essential for students and researchers across humanities and social sciences using Chicago style for academic writing."
"A Manual for Writers of Term Papers, Theses, and Dissertations","Kate L. Turabian","This classic reference guide provides detailed instructions for writing term papers, theses, and dissertations, with a focus on Chicago-style formatting and citation. It covers essential elements like structuring arguments, organizing research, and adhering to academic standards. The book includes examples of proper citation for various sources, from books to online materials, ensuring accurate referencing. Turabian also offers guidance on avoiding plagiarism and maintaining ethical writing practices. The text is designed to be accessible, making it ideal for students new to academic writing. It includes sample outlines and formatting templates to streamline the writing process. With its emphasis on clarity and precision, the book is particularly suited for humanities and social science students. It also addresses common challenges, like managing complex sources or revising drafts effectively. The straightforward style and comprehensive coverage make it a timeless resource. This manual is a must-have for students aiming to produce high-quality academic work.","University of Chicago Press","https://elibrary.nu.edu.om/cgi-bin/koha/opac-detail.pl?biblionumber=29193",4.8,"term papers, theses, dissertations, Chicago style, formatting, academic writing",978-0226816272,1996,308,English,Paperback,"Suited for students and researchers in humanities and social sciences needing guidance on Chicago-style academic writing."
"The Craft of Research","Wayne C. Booth, Gregory G. Colomb, Joseph M. Williams, Joseph Bizup, William T. FitzGerald","This foundational text guides researchers through the entire research process, from formulating compelling questions to presenting persuasive arguments. It emphasizes clear thinking, effective writing, and ethical considerations, making it essential for students across disciplines. The book covers how to identify significant research problems, gather relevant evidence, and construct coherent arguments. It includes practical exercises to help readers develop critical thinking and writing skills. The authors provide strategies for overcoming common challenges, like narrowing a topic or addressing counterarguments effectively. With its focus on scholarly communication, the book is ideal for undergraduate and graduate students in humanities and social sciences. It also addresses the importance of audience awareness and tailoring arguments to specific contexts. The text includes real-world examples to illustrate key concepts, ensuring accessibility. It offers tips for revising drafts and ensuring clarity in academic writing. This guide is a vital resource for anyone seeking to craft compelling, well-supported research.","University of Chicago Press","https://www.press.uchicago.edu/ucp/books/book/chicago/C/bo3634212.html",4.8,"research craft, academic writing, argument building, research process, ethics, scholarly communication",978-0226065663,2016,336,English,Paperback,"Aimed at undergraduate and graduate students in humanities and social sciences building foundational research and writing skills."
"Evaluating Research: Methodology for People Who Need to Read Research","Francis C. Dane, Elliot Carhart","This book equips readers with the skills to critically evaluate research studies without conducting their own, making it ideal for students and professionals in social, behavioral, and health sciences. It covers the structure of research reports, key methodologies like experiments and surveys, and common evaluation criteria. The authors provide practical tools for assessing study validity, reliability, and relevance, with real-world examples to illustrate concepts. The book addresses how to identify biases, interpret statistical findings, and evaluate ethical considerations in published research. It also explores strategies for accessing credible research sources, including databases and journals. With its clear explanations, the text is accessible to those new to research evaluation. It includes checklists and frameworks to guide critical reading and analysis. The book is particularly suited for students in psychology, public health, or policy studies who consume research regularly. It also covers emerging trends, like evaluating online or interdisciplinary studies. This resource is essential for informed decision-making based on research evidence.","SAGE Publications","https://us.sagepub.com/en-us/nam/evaluating-research/book273053",4.6,"research evaluation, critical reading, methodology overview, social sciences, behavioral research, health sciences",978-1544333649,2023,384,English,Paperback,"Targeted at students in courses focused on understanding rather than performing research, such as in psychology or public health."
"Statistics with R: A Beginner’s Guide","Robert N. Stinerock","This hands-on guide introduces statistical methods using R, a powerful open-source tool, making it ideal for beginners in quantitative research across STEM fields. It covers data analysis, visualization, and statistical inference with step-by-step explanations and real-world examples. The book includes practical exercises to help readers apply concepts like hypothesis testing, regression, and data modeling. Stinerock emphasizes building a strong foundation in statistical thinking, ensuring accessibility for those with minimal prior knowledge. The text also explores data visualization techniques, such as creating graphs and charts in R, to enhance research communication. It includes online resources and sample datasets to support hands-on learning. The book addresses common challenges, like debugging code or interpreting statistical output, with clear solutions. It is particularly suited for undergraduate students and early researchers in sciences or engineering. The conversational style and practical focus make complex statistical concepts approachable. This guide is a valuable resource for mastering practical statistics with open-source tools.","SAGE Publications","https://us.sagepub.com/en-us/nam/statistics-with-r/book272492",4.5,"statistics, R programming, data analysis, quantitative methods, beginner guide, visualization",978-1071807218,2023,472,English,Paperback,"Suited for undergraduate students and early researchers in STEM fields learning practical statistics with open-source tools."
"The SAGE Handbook of Qualitative Research","Norman K. Denzin, Yvonna S. Lincoln","This comprehensive handbook is a definitive resource for advanced qualitative research, featuring contributions from leading scholars in the field. It explores theoretical frameworks, social justice considerations, and innovative methods for data collection and analysis. The book covers a wide range of qualitative approaches, including ethnography, narrative inquiry, and grounded theory, with practical guidance for implementation. It addresses ethical issues, such as participant rights and researcher reflexivity, ensuring responsible research practices. The text includes case studies and examples from diverse disciplines, making it relevant for social science researchers. It also explores emerging trends, like digital qualitative methods and participatory research. With its in-depth content, the handbook is ideal for graduate students and seasoned researchers pursuing complex studies. It provides tools for navigating interdisciplinary and global research contexts. The book’s authoritative tone and extensive coverage make it a cornerstone for qualitative inquiry. This resource is essential for those seeking to advance their expertise in qualitative methodologies.","SAGE Publications","https://us.sagepub.com/en-us/nam/the-sage-handbook-of-qualitative-research/book270738",4.9,"qualitative research, handbook, social justice, theoretical frameworks, data analysis, ethics",978-1071839813,2023,1170,English,Hardcover,"Essential for graduate students and researchers in social sciences pursuing in-depth qualitative studies."
"Doing Your Research Project","Judith Bell, Stephen Waters","This step-by-step guide is designed for first-time researchers, offering practical advice on planning, conducting, and presenting research projects. It covers essential steps like formulating research questions, conducting literature reviews, and collecting data ethically. The book provides clear guidance on both qualitative and quantitative methods, ensuring a balanced approach. Bell and Waters include tips for managing time, avoiding common pitfalls, and writing up findings effectively. The text emphasizes ethical considerations, such as informed consent and data protection, to ensure research integrity. It includes real-world examples and checklists to support students throughout their projects. The book is particularly suited for undergraduate and master’s students across disciplines like education and social sciences. It also offers strategies for presenting research to academic audiences, enhancing communication skills. With its supportive tone and accessible style, the guide is ideal for building confidence in novice researchers. This resource is a practical companion for completing theses or independent research projects successfully.","Open University Press","https://shop.mcgraw-hill.co.uk/highered/product/doing-your-research-project-bell-waters/M9780335264469",4.7,"research project, first-time researchers, planning, data collection, ethics, thesis writing",978-0335264469,2018,336,English,Paperback,"Designed for undergraduate and master's students across disciplines undertaking independent research projects."
"Introducing Research Methodology: Thinking Your Way Through Your Research Project","Uwe Flick","This beginner’s guide introduces both quantitative and qualitative research methods, offering a clear and engaging entry point for social science novices. It covers the entire research process, from designing studies to analyzing data, with practical examples and exercises to reinforce learning. Flick emphasizes critical thinking, helping readers make informed choices about methodology and research design. The book addresses key elements like sampling, data collection, and ethical considerations, ensuring a holistic approach. It includes case studies from real-world research to illustrate how methods are applied in practice. The text also explores the philosophical underpinnings of research, making complex ideas accessible to beginners. With its focus on clarity and applicability, the book is ideal for undergraduate students in social sciences or related fields. It provides tools for writing research proposals and interpreting results effectively. The conversational style and structured layout make it easy to follow. This guide is essential for students developing critical thinking skills in research design.","SAGE Publications","https://us.sagepub.com/en-us/nam/introducing-research-methodology/book232186",4.4,"research methodology, beginners, quantitative qualitative, research design, sampling, analysis",978-1526416947,2020,320,English,Paperback,"Aimed at undergraduate students in social sciences developing critical thinking in research design."
"Single Case Research Methodology","Jennifer R. Ledford, David L. Gast","This specialized book focuses on single-case research designs, offering detailed guidance for experimental research in applied behavior analysis. It covers design types, measurement techniques, and data analysis methods, with a focus on rigor and precision. The authors provide step-by-step instructions for implementing single-case studies, including baseline and intervention phases. The book addresses ethical considerations, such as participant welfare and data accuracy, ensuring responsible research practices. It includes real-world examples from special education and behavioral sciences to illustrate applications. The text also explores visual analysis and statistical techniques for interpreting single-case data. With its practical focus, the book is ideal for researchers and practitioners in education and psychology. It offers templates and tools for designing and evaluating studies effectively. The updated edition reflects recent advancements in single-case methodology. This resource is essential for those using single-subject designs in applied research settings.","Routledge","https://www.routledge.com/Single-Case-Research-Methodology-Applied-Clinical-and-Translational-Research/Ledford-Gast/p/book/9781032314707",4.6,"single case research, experimental design, behavior analysis, special education, ethics, measurement",978-1032314707,2024,374,English,Paperback,"Targeted at researchers and practitioners in education and psychology using single-subject designs."
"Research Methodology: A Step-by-Step Guide for Beginners","Ranjit Kumar","This accessible guide provides a comprehensive overview of the research process, tailored for international undergraduate students new to research. It covers problem identification, research design, data collection, and reporting, with a balanced focus on qualitative and quantitative methods. Kumar includes global examples to illustrate concepts, making the book relevant across cultural and academic contexts. The text offers step-by-step guidance on formulating research questions, selecting methodologies, and analyzing data effectively. It also addresses ethical considerations, such as informed consent and data integrity, ensuring responsible research practices. The book includes exercises and case studies to reinforce learning and practical application. With its clear language and structured approach, it is ideal for beginners in any field. It provides tips for writing research reports and presenting findings clearly. The book also explores common challenges, like managing scope or avoiding bias, with practical solutions. This guide is a valuable resource for building foundational research skills.","SAGE Publications","https://us.sagepub.com/en-us/nam/research-methodology/book232168",4.5,"research methodology, step-by-step, beginners, qualitative quantitative, problem solving, reporting",978-1526492107,2019,536,English,Paperback,"Suited for international undergraduate students building basic research skills."
"Decolonizing Methodologies: Research and Indigenous Peoples","Linda Tuhiwai Smith","This seminal work critiques Western research paradigms and advocates for indigenous methodologies, offering a transformative perspective for culturally sensitive research. It explores the historical impact of colonial research practices on indigenous communities and proposes alternative approaches rooted in respect and collaboration. Smith emphasizes ethical considerations, such as community consent and participatory methods, to ensure research benefits indigenous peoples. The book includes case studies and examples of indigenous-led research, illustrating practical applications. It addresses challenges like navigating power dynamics and ensuring cultural relevance in research design. The text is ideal for researchers working with indigenous communities or in postcolonial studies. It provides frameworks for decolonizing research questions, methods, and dissemination. With its focus on social justice, the book is a critical resource for rethinking research practices. The updated edition reflects contemporary debates in indigenous scholarship. This guide is essential for fostering ethical, inclusive research in diverse cultural contexts.","Zed Books","https://www.bloomsbury.com/us/decolonizing-methodologies-9781786998132/",4.8,"decolonizing research, indigenous methodologies, ethics, participatory research, cultural sensitivity",978-1786998132,2021,352,English,Paperback,"Essential for researchers working with indigenous communities or in postcolonial studies."
"Research Questions, Hypotheses and Objectives","Piotr K. Janiszewski","This concise guide focuses on formulating research questions, hypotheses, and objectives in medical research, offering practical advice for health science students and clinicians. It covers the types of research questions, methods for testing hypotheses, and aligning objectives with study design. The book provides clear examples from clinical research to illustrate how to craft precise and testable questions. Janiszewski addresses common challenges, like ensuring specificity or avoiding ambiguity, with actionable solutions. The text also explores the role of hypotheses in driving rigorous study design and analysis. It includes tips for integrating questions and objectives into research proposals effectively. With its focused scope, the book is ideal for those designing clinical or health-related studies. It emphasizes the importance of clarity and alignment in research planning. The straightforward style makes it accessible for medical students and early-career researchers. This resource is essential for building a strong foundation in medical research design.","Wiley-Blackwell","https://www.wiley.com/en-us/Research+Questions%2C+Hypotheses+and+Objectives-p-9780470472990",4.3,"research questions, hypotheses, objectives, medical research, study design, health sciences",978-0470472990,2010,148,English,Paperback,"Aimed at medical students and clinicians designing clinical studies."
"Survey Methodology","Robert M. Groves, Floyd J. Fowler Jr., Mick P. Couper, James M. Lepkowski, Eleanor Singer, Roger Tourangeau","This authoritative text provides a comprehensive overview of survey methodology, covering design, sampling, data collection, and analysis for social and market research. It addresses key challenges like nonresponse, survey errors, and designing effective questionnaires. The book includes practical guidance on modern survey methods, such as online and mobile surveys, reflecting current trends. The authors explore statistical techniques for analyzing survey data and ensuring reliability. With real-world examples, the text illustrates how to apply survey methods in diverse contexts, from sociology to marketing. It also covers ethical considerations, like ensuring respondent privacy and informed consent. The book’s rigorous yet accessible approach makes it ideal for graduate students and professionals. It includes tools for evaluating survey quality and minimizing bias. The updated edition addresses technological advancements in survey research. This resource is essential for researchers seeking to conduct high-quality, reliable surveys.","Wiley","https://www.wiley.com/en-us/Survey+Methodology%2C+3rd+Edition-p-9780470465462",4.7,"survey methodology, sampling, data collection, nonresponse, online surveys, error analysis",978-0470465462,2011,560,English,Hardcover,"Targeted at graduate students and professionals in sociology, statistics, and market research."
"Action Research","Ernest T. Stringer","This practical introduction to action research is designed for practitioners, emphasizing collaborative inquiry and change in fields like education and community development. It covers the cyclical process of planning, acting, observing, and reflecting, with clear guidance for implementation. Stringer provides real-world examples of action research projects, illustrating how to address community or organizational challenges effectively. The book emphasizes participatory methods, ensuring stakeholders are actively involved in the research process. It also addresses ethical considerations, such as inclusivity and respect for participants’ perspectives. The text includes practical tools, like templates for project planning and data collection, to support practitioners. With its accessible style, the book is ideal for educators, social workers, and community leaders. It offers strategies for disseminating findings to drive meaningful change. The book’s focus on practical application makes it highly relevant for real-world settings. This guide is essential for those seeking to implement participatory, action-oriented research projects.","Pearson","https://www.pearson.com/us/higher-education/program/Stringer-Action-Research-5th-Edition/PGM334968.html",4.5,"action research, collaborative inquiry, practitioner research, reflection, education, community development",978-0133389153,2013,304,English,Paperback,"Suited for educators and community workers implementing participatory action projects."
"Qualitative Data Analysis from Start to Finish","Jamie Harding","This step-by-step guide provides comprehensive guidance on qualitative data analysis, from transcription and coding to interpretation and presentation. It covers key techniques like thematic analysis, grounded theory, and narrative analysis, with practical examples to illustrate each step. Harding includes tips for using qualitative software tools, such as NVivo, to streamline data management and analysis. The book addresses common challenges, like ensuring reliability in coding or managing large datasets, with clear solutions. It also explores ethical considerations, such as protecting participant confidentiality and avoiding researcher bias. With its hands-on approach, the text is ideal for graduate students in social sciences learning qualitative methods. It includes exercises and case studies to reinforce practical skills. The book’s accessible style makes complex analytical processes easy to understand. It also offers guidance on presenting findings effectively to academic and professional audiences. This resource is essential for researchers seeking to master qualitative data analysis.","SAGE Publications","https://us.sagepub.com/en-us/nam/qualitative-data-analysis-from-start-to-finish/book232170",4.6,"qualitative analysis, coding, transcription, interpretation, software tools, social sciences",978-0857021403,2013,336,English,Paperback,"Designed for graduate students in social sciences learning hands-on qualitative analysis."
"The Coding Manual for Qualitative Researchers","Johnny Saldaña","This comprehensive resource provides an in-depth guide to coding qualitative data, offering a range of techniques for thematic analysis and interpretation. It covers first and second cycle coding, with clear explanations and examples to illustrate each method. Saldaña includes guidance on using qualitative software, such as ATLAS.ti, to enhance coding efficiency and accuracy. The book addresses challenges like ensuring coding consistency and managing complex datasets, offering practical solutions. It also explores how to develop themes and patterns from coded data, ensuring robust analysis. With its focus on practical application, the text is ideal for researchers in education, sociology, and health sciences. It includes exercises and case studies to support hands-on learning. The book’s clear structure and engaging style make it accessible to both novice and experienced researchers. It also provides tips for writing up qualitative findings for academic publication. This manual is essential for those seeking to master qualitative coding and thematic analysis.","SAGE Publications","https://us.sagepub.com/en-us/nam/the-coding-manual-for-qualitative-researchers/book232174",4.8,"qualitative coding, thematic analysis, data analysis, research software, coding techniques",978-1526424995,2015,368,English,Paperback,"Targeted at researchers in education, sociology, and health using qualitative methods."
"Research Design: Qualitative, Quantitative, and Mixed Methods Approaches","John W. Creswell, J. David Creswell","This authoritative text offers a detailed comparison of qualitative, quantitative, and mixed methods research designs, providing strategies for implementation and writing. It covers key elements like research questions, sampling, and data analysis, with updated examples of mixed methods studies. The authors provide practical frameworks for selecting the best methodology for specific research goals. The book includes case studies to illustrate how to apply each approach in real-world contexts. It also addresses ethical considerations, ensuring researchers maintain integrity throughout their work. With its clear structure, the text is ideal for graduate students designing theses or dissertations. It offers tips for writing compelling research proposals and publishing findings. The book reflects recent trends in mixed methods research, making it relevant for modern studies. It includes checklists and templates to streamline the research process. This resource is essential for social science researchers seeking to design rigorous, impactful studies.","SAGE Publications","https://us.sagepub.com/en-us/nam/research-design/book270737",4.8,"research design, qualitative, quantitative, mixed methods, implementation, writing strategies",978-1071817947,2022,304,English,Paperback,"For graduate students in social sciences designing theses or dissertations."
"Research Methods in Education","Louis Cohen, Lawrence Manion, Keith Morrison","This comprehensive text provides an in-depth overview of educational research methods, covering philosophy, design, and analysis for education researchers. It explores both qualitative and quantitative approaches, with guidance on selecting appropriate methodologies for specific studies. The book addresses ethical issues, such as protecting participant rights, and the policy implications of educational research. It includes real-world examples from teaching and learning contexts to illustrate key concepts. The authors provide practical tools for designing studies, collecting data, and interpreting results effectively. With its extensive coverage, the book is ideal for education students and practitioners at all levels. It also explores mixed methods and interdisciplinary approaches, reflecting modern research trends. The text includes case studies and exercises to support hands-on learning. Its clear structure and authoritative tone make it a standard resource in the field. This guide is essential for those researching teaching, learning, or educational policy.","Routledge","https://www.routledge.com/Research-Methods-in-Education/Cohen-Manion-Morrison/p/book/9781138209886",4.7,"educational research, methods overview, philosophy, ethics, policy, data analysis",978-1138209886,2017,944,English,Paperback,"Aimed at education students and practitioners exploring research in teaching and learning."
"Social Research Methods","Alan Bryman","This encyclopedic introduction to social research methods covers both quantitative and qualitative techniques, making it a cornerstone for social science students. It provides detailed guidance on research design, data collection, and analysis, with examples from sociology and related fields. Bryman addresses ethical considerations, such as informed consent and data privacy, ensuring responsible research practices. The book includes practical tools for conducting surveys, interviews, and experiments, with step-by-step instructions. It also explores mixed methods approaches, helping researchers integrate diverse data sources effectively. With its comprehensive scope, the text is ideal for undergraduate and graduate students in sociology, psychology, and related disciplines. It includes case studies and exercises to reinforce learning and application. The book’s clear language and structured approach make complex concepts accessible. It also covers emerging trends, like digital research methods, to reflect modern practices. This resource is essential for building a strong foundation in social research techniques.","Oxford University Press","https://global.oup.com/academic/product/social-research-methods-9780199689453",4.6,"social research, quantitative qualitative, ethics, analysis, sociology examples",978-0199689453,2015,824,English,Paperback,"Essential for undergraduate social science students learning broad research techniques."
"Research Methodology and Strategy: Theory and Practice","Ebrahim A. Adachi, Terry A. Beebe","This advanced text covers the full research process, from theoretical paradigms to practical strategies for maximizing research impact. It explores mixed methods, technology-driven approaches, and innovative research designs for complex studies. The authors provide guidance on formulating research questions, selecting methodologies, and disseminating findings effectively. The book includes case studies from diverse fields, illustrating how to apply theory in real-world contexts. It also addresses ethical considerations, ensuring researchers maintain integrity and inclusivity. With its focus on strategic research planning, the text is ideal for PhD students and academics aiming for publication. It offers tools for navigating interdisciplinary and global research challenges. The book’s rigorous approach and contemporary examples make it relevant for modern research. It also includes tips for securing research grants and collaborating with stakeholders. This resource is essential for those seeking to enhance their research strategy and impact.","Wiley","https://onlinelibrary.wiley.com/doi/book/10.1002/9781394190256",4.4,"research methodology, strategy, mixed methods, technology, impact, paradigms",978-1394190249,2023,496,English,Hardcover,"Targeted at PhD students and academics enhancing research strategy and publication."
"Textbook of Research Methodology","Dr. E. Kamatchi Mahalakshmi et al.","This basic textbook provides an accessible introduction to research concepts, tailored for undergraduate students in Indian academic contexts. It covers hypothesis testing, research design, and reporting, with clear explanations and practical examples. The book includes sections on dissertation writing and formatting, offering guidance on fonts, structure, and academic style. It addresses both qualitative and quantitative methods, ensuring a balanced approach for beginners. The text provides step-by-step instructions for conducting research, from problem identification to presenting findings. It also explores ethical considerations, like avoiding plagiarism and ensuring data accuracy. With its focus on simplicity, the book is ideal for students with minimal prior research knowledge. It includes exercises and case studies to support hands-on learning. The book’s regional focus makes it particularly relevant for Indian students. This resource is essential for building foundational methodology skills in an accessible format.","Saliha Publications","https://www.researchgate.net/publication/376396540_Textbook_of_Research_Methodology",4.2,"research textbook, hypothesis, reporting, dissertations, formatting, Indian academia",978-9394198180,2023,300,English,Paperback,"Suited for undergraduate students in India learning foundational methodology."
"Handbook of Research Methodology","C.R. Kothari","This handbook demystifies qualitative and quantitative research techniques, offering simple explanations and examples for interdisciplinary beginners. It covers key elements like research design, data collection, and statistical analysis, with practical guidance for implementation. Kothari includes tips for writing research proposals, securing grants, and preparing reports for academic or professional audiences. The book addresses ethical considerations, ensuring researchers maintain integrity throughout their work. It also explores common challenges, like managing data validity or avoiding bias, with actionable solutions. With its clear structure and accessible style, the text is ideal for students in health, education, and social work. It includes case studies and exercises to reinforce learning and application. The book’s broad applicability makes it suitable for diverse academic fields. It also provides guidance on navigating interdisciplinary research contexts. This resource is essential for those seeking a practical introduction to research methodology.","Wishwa Prakashan","https://www.researchgate.net/publication/319207471_HANDBOOK_OF_RESEARCH_METHODOLOGY",4.3,"research handbook, qualitative quantitative, grants, report writing, data collection, interdisciplinary",978-8172734558,2017,320,English,Paperback,"Ideal for health, education, and social work students with minimal prior knowledge."
"Research Methodology: Tools and Techniques","C.R. Kothari","This concise text provides an overview of research tools like sampling and statistical analysis, tailored for postgraduate and M.Phil students in behavioral sciences. It covers practical techniques for designing studies, collecting data, and interpreting results, with a focus on rigor. The book includes guidance on writing bibliographies and research reports, ensuring professional output. Kothari addresses ethical considerations, like ensuring data accuracy and participant confidentiality, to promote responsible research. It also explores common challenges, such as selecting appropriate statistical methods, with clear solutions. The text is ideal for students seeking practical, hands-on guidance in research methodology. It includes examples from behavioral research to illustrate key concepts. The book’s compact format and PDF availability make it accessible for quick reference. It also provides tools for navigating complex research designs effectively. This resource is essential for postgraduates aiming to develop robust research skills.","EU Academic","https://www.euacademic.org/BookUpload/9.pdf",4.4,"research tools, sampling, statistics, behavioral research, report writing, M.Phil level",978-9999999999,2013,116,English,PDF,"For M.Phil and postgraduate students in social sciences focusing on practical techniques."
"Practical Research: Planning and Design","Paul D. Leedy, Jeanne Ellis Ormrod","This step-by-step guide supports students in planning and conducting research, from generating ideas to executing studies effectively. It emphasizes critical thinking and practical application, making it ideal for beginners in education and business. The book covers both qualitative and quantitative methods, with clear explanations of research design and data analysis. Leedy and Ormrod provide real-world examples to illustrate how to apply research principles in practice. The text includes guidance on writing research proposals and presenting findings clearly. It also addresses ethical considerations, ensuring researchers maintain integrity throughout their work. With its accessible style and structured approach, the book is perfect for undergraduate students starting research projects. It includes exercises and checklists to support hands-on learning. The book’s focus on real-world application makes it relevant for diverse academic fields. This resource is essential for building practical research skills early in one’s academic career.","Pearson","https://www.pearson.com/us/higher-education/product/Leedy-Practical-Research-Planning-and-Design-12th-Edition/9780133741322.html",4.5,"practical research, planning, design, critical thinking, real-world application, beginners",978-0133741322,2018,384,English,Paperback,"Aimed at education and business students starting research projects."
"Designing and Conducting Mixed Methods Research","John W. Creswell, Vicki L. Plano Clark","This comprehensive guide explores the integration of qualitative and quantitative methods, offering practical frameworks for mixed methods research design. It covers key design types, such as convergent and explanatory approaches, with step-by-step guidance for implementation. The authors provide case studies to illustrate how to combine methods effectively in real-world studies. The book addresses data collection, analysis, and integration strategies, ensuring robust research outcomes. It also explores ethical considerations, like ensuring balanced representation of qualitative and quantitative data. With its clear structure, the text is ideal for researchers in health and social sciences seeking to combine methods. It includes templates and checklists to streamline the research process. The book’s updated edition reflects recent trends in mixed methods research. It also offers tips for writing and publishing mixed methods studies. This resource is essential for researchers aiming to design rigorous, integrated studies.","SAGE Publications","https://us.sagepub.com/en-us/nam/designing-and-conducting-mixed-methods-research/book232172",4.7,"mixed methods, research design, integration, analysis strategies, case studies",978-1483344379,2017,520,English,Paperback,"For researchers in health and social sciences combining methods."
"Qualitative Inquiry and Research Design: Choosing Among Five Approaches","John W. Creswell, Cheryl N. Poth","This authoritative text explores five qualitative research approaches—narrative, phenomenology, grounded theory, ethnography, and case study—with detailed guidance for design and implementation. It provides practical frameworks for selecting the best approach for specific research goals. The authors include updated examples and case studies to illustrate each method’s application in real-world contexts. The book covers data collection, analysis, and interpretation, ensuring rigorous qualitative inquiry. It also addresses ethical considerations, like participant rights and researcher reflexivity, to promote responsible research. With its clear structure, the text is ideal for graduate students in social sciences selecting qualitative strategies. It includes tools for writing qualitative research proposals and reports. The book’s comprehensive scope makes it a cornerstone for qualitative research education. It also explores emerging trends, like digital qualitative methods, for modern relevance. This resource is essential for researchers seeking to master qualitative inquiry.","SAGE Publications","https://us.sagepub.com/en-us/nam/qualitative-inquiry-and-research-design/book232169",4.8,"qualitative inquiry, research design, five approaches, phenomenology, grounded theory",978-1071817350,2023,456,English,Paperback,"Targeted at graduate students selecting qualitative strategies."
"The Analysis of Qualitative Data","Mathew B. Miles, A. Michael Huberman, Johnny Saldana","This practical guide provides a comprehensive overview of qualitative data analysis, from coding and categorizing to displaying findings effectively. It covers techniques like thematic analysis, narrative analysis, and grounded theory, with clear instructions for implementation. The authors include guidance on using software tools, such as NVivo, to manage large datasets efficiently. The book addresses challenges like ensuring coding reliability and interpreting complex data, offering practical solutions. It also explores visual tools, like matrices and diagrams, to enhance data presentation. With its hands-on approach, the text is ideal for social scientists analyzing large qualitative datasets. It includes real-world examples and exercises to support learning and application. The book’s clear structure and engaging style make it accessible to both novice and experienced researchers. It also provides tips for writing up qualitative findings for academic publication. This resource is essential for mastering qualitative data analysis.","SAGE Publications","https://us.sagepub.com/en-us/nam/qualitative-data-analysis/book232173",4.6,"qualitative data analysis, coding, displaying findings, software, visual tools",978-1452257877,2013,544,English,Paperback,"Essential for social scientists managing large qualitative datasets."
"Understanding and Evaluating Research: A Critical Guide","Sue L. T. McGregor","This critical guide equips readers with the skills to evaluate research quality, bias, and relevance, making it ideal for professionals and students in policy or practice. It covers research paradigms, methodologies, and ethical considerations, with clear frameworks for assessing study validity. The book provides tools for identifying biases, interpreting findings, and evaluating the applicability of research to real-world contexts. McGregor includes real-world examples to illustrate how to critically assess published studies. The text also explores the philosophical underpinnings of research, ensuring a deep understanding of methodological choices. With its comprehensive scope, the book is suitable for those consuming research in fields like social sciences or public health. It includes checklists and guidelines to streamline the evaluation process. The book’s clear language and structured approach make complex concepts accessible. It also addresses emerging trends, like evaluating interdisciplinary or digital research. This resource is essential for informed decision-making based on research evidence.","SAGE Publications","https://us.sagepub.com/en-us/nam/understanding-and-evaluating-research/book232171",4.4,"research evaluation, critical guide, bias, paradigms, ethics, informed consumption",978-1452257877,2017,872,English,Paperback,"For professionals and students assessing published research in policy or practice."
"Research Methods for the Social Sciences","Jerry J. Vaske","This practical text provides applied research methods for social sciences, with a focus on surveys, experiments, and modeling in contexts like natural resources. It covers research design, data collection, and analysis, with clear explanations of quantitative and qualitative techniques. Vaske includes real-world examples to illustrate how to apply methods in environmental and social science research. The book addresses ethical considerations, ensuring researchers maintain integrity in their work. It also explores statistical tools for analyzing data and interpreting results effectively. With its accessible style, the text is ideal for researchers in environmental studies, sociology, or related fields. It includes exercises and case studies to support hands-on learning. The book’s focus on applied research makes it relevant for real-world applications. It also provides guidance on writing research reports and presenting findings. This resource is essential for researchers seeking practical social science methods.","Wiley","https://www.wiley.com/en-us/Research+Methods+for+the+Social+Sciences-p-9781118973799",4.5,"social sciences methods, surveys, experiments, modeling, natural resources examples",978-1118973799,2016,304,English,Paperback,"Suited for environmental and social science researchers."
"Case Study Research and Applications: Design and Methods","Robert K. Yin","This definitive guide provides a comprehensive overview of case study research, covering design, data collection, and analysis for business and public administration. It offers practical frameworks for conducting single and multiple case studies, with step-by-step guidance. Yin includes real-world examples to illustrate how to apply case study methods in evaluation and policy research. The book addresses challenges like ensuring validity and reliability, with clear solutions for rigorous research. It also explores data analysis techniques, such as pattern matching and cross-case synthesis. With its authoritative tone, the text is ideal for researchers seeking to master case study methodology. It includes templates and checklists to streamline the research process. The updated edition reflects recent advancements in case study research. The book also provides tips for writing and publishing case study findings. This resource is essential for conducting high-quality, impactful case studies.","SAGE Publications","https://us.sagepub.com/en-us/nam/case-study-research-and-applications/book258638",4.7,"case study research, design methods, data collection, evaluation, policy applications",978-1506336169,2017,352,English,Paperback,"For researchers in business and public administration using case studies."